{
  "x_val": {
    "chi_square": {
      "statistic": 50.9402,
      "p_value": 8.445252180758043e-06,
      "degrees_of_freedom": 15,
      "interpretation": "significant"
    },
    "rayleigh": {
      "statistic": 0.0577,
      "p_value": 0.9439744023759535
    },
    "effect_size_cramers_v": 0.018332,
    "sample_size": 10105,
    "bin_counts": [
      616,
      568,
      601,
      718,
      680,
      654,
      632,
      590,
      570,
      604,
      678,
      629,
      654,
      632,
      701,
      578
    ],
    "expected_count_per_bin": 631.56,
    "bin_edges": [
      1034.0,
      1976667.31,
      3952300.62,
      5927933.94,
      7903567.25,
      9879200.56,
      11854833.88,
      13830467.19,
      15806100.5,
      17781733.81,
      19757367.12,
      21733000.44,
      23708633.75,
      25684267.06,
      27659900.38,
      29635533.69,
      31611167.0
    ]
  },
  "y_val": {
    "chi_square": {
      "statistic": 29.7103,
      "p_value": 0.013009918929482113,
      "degrees_of_freedom": 15,
      "interpretation": "significant"
    },
    "rayleigh": {
      "statistic": 0.1617,
      "p_value": 0.8506680450157487
    },
    "effect_size_cramers_v": 0.014,
    "sample_size": 10105,
    "bin_counts": [
      615,
      642,
      651,
      679,
      627,
      593,
      621,
      670,
      615,
      616,
      635,
      653,
      641,
      681,
      630,
      536
    ],
    "expected_count_per_bin": 631.56,
    "bin_edges": [
      248.0,
      161113.12,
      321978.25,
      482843.38,
      643708.5,
      804573.62,
      965438.75,
      1126303.88,
      1287169.0,
      1448034.12,
      1608899.25,
      1769764.38,
      1930629.5,
      2091494.62,
      2252359.75,
      2413224.88,
      2574090.0
    ]
  },
  "z_val": {
    "chi_square": {
      "statistic": 14.7158,
      "p_value": 0.47207693613805457,
      "degrees_of_freedom": 15,
      "interpretation": "not significant"
    },
    "rayleigh": {
      "statistic": 0.2199,
      "p_value": 0.8026109100133552
    },
    "effect_size_cramers_v": 0.009853,
    "sample_size": 10105,
    "bin_counts": [
      666,
      643,
      632,
      625,
      592,
      660,
      630,
      652,
      600,
      613,
      677,
      590,
      632,
      630,
      630,
      633
    ],
    "expected_count_per_bin": 631.56,
    "bin_edges": [
      1.0,
      5400.06,
      10799.12,
      16198.19,
      21597.25,
      26996.31,
      32395.38,
      37794.44,
      43193.5,
      48592.56,
      53991.62,
      59390.69,
      64789.75,
      70188.81,
      75587.88,
      80986.94,
      86386.0
    ]
  }
}